Link,Description
#navigation,Economics Discussion
http://www.economicsdiscussion.net/,Economics Discussion
http://www.economicsdiscussion.net,Home
http://www.economicsdiscussion.net/questions-answers-forum,Questions and Answers Forum
http://www.economicsdiscussion.net/publish-your-article,Publish Your Article
http://www.economicsdiscussion.net/content-guidelines,Content Quality Guidelines
http://www.economicsdiscussion.net/disclaimer,Disclaimer
http://www.economicsdiscussion.net/privacy-policy,Privacy Policy
http://www.economicsdiscussion.net/contact-us,Suggest Us
#top,Return to Content
,
http://cdn.economicsdiscussion.net/wp-content/uploads/2019/08/clip_image002_thumb2.jpg,
http://www.economicsdiscussion.net/agriculture/marketing/efficiency-of-marketing-system-in-developing-countries/21430,Efficiency of Marketing System in Developing Countries 
http://www.economicsdiscussion.net/monopolistic-competition/product-differentiation-and-the-demand-curve/5384,Product Differentiation and the Demand Curve 
http://www.economicsdiscussion.net/marketing-2/4-ps-of-marketing-mix-elements-and-sub-elements/31538,4 Ps of Marketing Mix: Elements and Sub-Elements 
http://www.economicsdiscussion.net/marketing-2/elements-of-marketing-mix-4-ps-of-marketing-mix/31486,Elements of Marketing Mix – 4 P’s of Marketing Mix 
http://www.economicsdiscussion.net/tag/business-management,Business Management
http://www.economicsdiscussion.net/tag/marketing-management,Marketing Management
http://www.economicsdiscussion.net/tag/what-is,What is
http://www.economicsdiscussion.net/cost-accounting/advantages-and-disadvantages-of-marginal-costing/31773, Advantages and Disadvantages of Marginal Costing
http://www.economicsdiscussion.net/human-resource-planning/features-of-human-resource-planning/31778,Features of Human Resource Planning 
,
/content-guidelines,Content Guidelines
/privacy-policy, Privacy Policy
/terms-of-service,TOS
/disclaimer,Disclaimer Copyright
/publish-your-article,Share Your PPT File
#tab-latest,Latest
http://www.economicsdiscussion.net/strategic-management/strategic-management/32351,Strategic Management
http://www.economicsdiscussion.net/human-resource-management/job-evaluation/job-evaluation/32350,Job Evaluation
http://www.economicsdiscussion.net/human-resource-management/objectives-of-compensation-management/32346,Objectives of Compensation Management
http://www.economicsdiscussion.net/human-resource-management/employment-test/employment-test/32347,Employment Test
http://www.economicsdiscussion.net/human-resource-management/approaches-to-job-design/32345,Approaches to Job Design
#What_is_Marketing_Management_Introduction_Definition_Concept_Importance_Functions_and_Process,"What is Marketing Management: Introduction, Definition, Concept, Importance, Functions and Process"
#What_is_Marketing_Management_Introduction,What is Marketing Management – Introduction
#What_is_Marketing_Management_Definition_Provided_by_Institute_of_Marketing_Management_and_Philip_Kotler,What is Marketing Management – Definition: Provided by Institute of Marketing Management and Philip Kotler
#What_is_Marketing_Management_Concept,What is Marketing Management – Concept
#What_is_Marketing_Management_Features_Managerial_Process_Consumer_Centric_Research_Analysis_Planning_and_Development_and_a_Few_Others,"What is Marketing Management – Features: Managerial Process, Consumer Centric, Research Analysis, Planning and Development and a Few Others "
#What_is_Marketing_Management_Importance_Analysing_Market_Opportunities_Determination_of_Target_Market_Planning_and_Decision_Making_and_a_Few_More,"What is Marketing Management – Importance: Analysing Market Opportunities, Determination of Target Market, Planning and Decision Making and a Few More"
#What_is_Marketing_Management_Functions_Assessing_the_Marketing_Opportunities_Planning_the_Marketing_Activities_Organising_the_Marketing_Activities_and_a_Few_Others,"What is Marketing Management – Functions: Assessing the Marketing Opportunities, Planning the Marketing Activities, Organising the Marketing Activities and a Few Others"
#What_is_Marketing_Management_Scope_Marketing_Research_Determination_of_Objectives_Planning_Marketing_Activities_Pricing_of_Product_and_a_Few_Others,"What is Marketing Management – Scope: Marketing Research, Determination of Objectives, Planning Marketing Activities, Pricing of Product and a Few Others"
#What_is_Marketing_Management_Marketing_Mix_Product_Mix_Pricing_Mix_and_Promotion_Mix,"What is Marketing Management – Marketing Mix: Product Mix, Pricing Mix and Promotion Mix"
#What_is_Marketing_Management_Marketing_Decision_Making_Product_Variation_Marketing_Channels_Prices_and_Promotion,"What is Marketing Management – Marketing Decision Making: Product Variation, Marketing Channels, Prices and Promotion"
#What_is_Marketing_Management_Orientation_Production_Product_Selling_Marketing_and_Societal_Marketing_Orientation,"What is Marketing Management – Orientation: Production, Product, Selling, Marketing and Societal Marketing Orientation"
#What_is_Marketing_Management_Issues_Size_Number_of_Buyers_Demographic_Grouping_and_Geography,"What is Marketing Management – Issues: Size, Number of Buyers, Demographic Grouping and Geography"
http://statcounter.com/free-hit-counter/,
http://www.economicsdiscussion.net/human-resource-development/importance-of-human-resource-development/31612,Importance of Human Resource Development 
http://www.economicsdiscussion.net/difference-between/difference-between-personnel-management-and-human-resource-management/31629,Difference between Personnel Management and Human Resource Management 
http://www.economicsdiscussion.net/human-resource-management/evolution-of-human-resource-management-hrm/31460,Evolution of Human Resource Management (HRM) 
http://www.economicsdiscussion.net/human-resource-management/human-resource-management-process/31587,Human Resource Management Process 
http://www.economicsdiscussion.net/tag/human-resource-management,Human Resource Management
http://www.economicsdiscussion.net/tag/roles,Roles
http://www.economicsdiscussion.net/tag/role-of-human-resource-management,Role of Human Resource Management
http://www.economicsdiscussion.net/difference-between/difference-between-training-and-development/31630, Difference between Training and Development
http://www.economicsdiscussion.net/accounting/types-of-budget-in-accounting/31733,Types of Budget in Accounting 
#Role_of_Human_Resource_Management_Developmental_Role_Changing_Role_Functional_Role_Welfare_Role_Future_Role,"Role of Human Resource Management – Developmental Role, Changing Role, Functional Role, Welfare Role & Future Role"
#Role_of_Human_Resource_Management_Developmental_Role_of_Human_Resource_Management,Role of Human Resource Management – Developmental Role of Human Resource Management
#Role_of_Human_Resource_Management_Changing_Role_of_HRM,Role of Human Resource Management – Changing Role of HRM
#Role_of_Human_Resource_Management_4_Functional_Roles_in_Areas_Like_Marketing_Finance_Production_Operation_and_IT,"Role of Human Resource Management – 4 Functional Roles in Areas Like: Marketing, Finance, Production & Operation and IT"
#Role_of_Human_Resource_Management_In_Strategic_Management_Providing_Purposeful_Direction_Focus_on_Core_Competency_and_a_Few_Other_Roles,"Role of Human Resource Management – In Strategic Man­agement: Providing Purposeful Direction, Focus on Core Competency and a Few Other Roles"
#Role_of_Human_Resource_Management_With_Meaning_Definition_and_Concept,"Role of Human Resource Management – With Meaning, Definition and Concept"
#Role_of_Human_Resource_Management_In_Strategic_Management_Process,Role of Human Resource Management – In Strategic Management Process
#Role_of_Human_Resource_Management_Welfare_Role_of_HRM,Role of Human Resource Management – Welfare Role of HRM
#Role_of_Human_Resource_Management_Role_of_HRM_in_TQM,Role of Human Resource Management – Role of HRM in TQM
#Role_of_Human_Resource_Management_Future_Role_of_HRM_in_India,Role of Human Resource Management – Future Role of HRM in India
http://www.economicsdiscussion.net/human-resource-management/features-of-human-resource-management/31828,Features of Human Resource Management 
http://www.economicsdiscussion.net/human-resource-management/role-of-human-resource-management/31737,Role of Human Resource Management 
http://www.economicsdiscussion.net/tag/definitions,Definitions
http://www.economicsdiscussion.net/tag/definition-of-hrm,Definition of HRM
http://www.economicsdiscussion.net/human-resource-management/employee-empowerment/31827, Employee Empowerment
http://www.economicsdiscussion.net/retailer/types-of-retailers/31832,Types of Retailers 
#Human_Resource_Management_Definitions_by_Different_Authors_Management_Thinkers_and_Various_Institutions,"Human Resource Management Definitions by Different Authors, Management Thinkers and Various Institutions"
#Human_Resource_Management_Definitions_Given_by_Eminent_Authors_Like_Pigors_and_Myers_Byars_and_Rue_Ivancevich_and_Glueck,"Human Resource Management Definitions – Given by Eminent Authors Like: Pigors and Myers, Byars and Rue, Ivancevich and Glueck "
#Human_Resource_Management_Definitions_Explained,Human Resource Management Definitions – Explained! 
#Human_Resource_Management_Definitions_According_to_Famous_Management_Thinkers_like_French_Wendell_Gary_Dessler_Story_and_Bratton_and_Gold,"Human Resource Management Definitions – According to Famous Management Thinkers like French Wendell, Gary Dessler, Story and Bratton and Gold "
#Human_Resource_Management_Definitions_Propounded_by_Edwin_B_Flippo_Decenzo_and_Robbins_Pulapa_Subba_Rao_and_National_Institute_of_Personal_Management_of_India,"Human Resource Management Definitions – Propounded by Edwin B. Flippo, Decenzo and Robbins, Pulapa Subba Rao and National Institute of Personal Management of India "
#Human_Resource_Management_Definitions_What_is_Human_Resource_Management,Human Resource Management Definitions – What is Human Resource Management?
#Human_Resource_Management_Definitions_According_to_Flippo_French_Wendell_and_Michael_J_Jucious,"Human Resource Management Definitions – According to Flippo, French Wendell and Michael J. Jucious"
#Human_Resource_Management_Definitions,Human Resource Management Definitions 
#Human_Resource_Management_Definition,Human Resource Management Definition 
https://www.tutorialspoint.com/index.htm,
https://www.tutorialspoint.com/about/about_careers.htm, Jobs
https://www.tutorialspoint.com/online_dev_tools.htm, Tools
https://www.tutorialspoint.com/codingground.htm, Coding Ground 
https://www.tutorialspoint.com/current_affairs.htm, Current Affairs
https://www.tutorialspoint.com/upsc_ias_exams.htm, UPSC Notes
https://www.tutorialspoint.com/tutor_connect/index.php, Online Tutors
https://www.tutorialspoint.com/whiteboard.htm, Whiteboard
https://www.tutorialspoint.com/netmeeting.php, Net Meeting
https://www.tutorix.com, Tutorix
https://www.facebook.com/tutorialspointindia,
https://www.twitter.com/tutorialspoint,
https://www.linkedin.com/company/tutorialspoint,
https://www.youtube.com/channel/UCVLbzhxVTiTLiVKeGV7WEBg,
/academic_tutorials.htm, Academic Tutorials
/big_data_tutorials.htm, Big Data & Analytics 
/computer_programming_tutorials.htm, Computer Programming 
/computer_science_tutorials.htm, Computer Science 
/database_tutorials.htm, Databases 
/devops_tutorials.htm, DevOps 
/digital_marketing_tutorials.htm, Digital Marketing 
/engineering_tutorials.htm, Engineering Tutorials 
/upsc_ias_exams.htm,UPSC IAS Exams Notes
/famous_monuments.htm, Famous Monuments 
/gate_exams_tutorials.htm, GATE Exams Tutorials
/latest_technologies.htm, Latest Technologies 
/machine_learning_tutorials.htm, Machine Learning 
/mainframe_tutorials.htm, Mainframe Development 
/management_tutorials.htm, Management Tutorials 
/maths_tutorials.htm, Mathematics Tutorials
/microsoft_technologies_tutorials.htm, Microsoft Technologies 
/misc_tutorials.htm, Misc tutorials 
/mobile_development_tutorials.htm, Mobile Development 
/java_technology_tutorials.htm, Java Technologies 
/python_technologies_tutorials.htm, Python Technologies 
/sap_tutorials.htm, SAP Tutorials 
/scripting_lnaguage_tutorials.htm,Programming Scripts 
/selected_reading.htm, Selected Reading 
/software_quality_tutorials.htm, Software Quality 
/soft_skill_tutorials.htm, Soft Skills 
/telecom_tutorials.htm, Telecom Tutorials 
/web_development_tutorials.htm, Web Development 
/sports_tutorials.htm, Sports Tutorials 
/xml_technologies_tutorials.htm, XML Technologies 
/multi_language_tutorials.htm, Multi-Language
/questions_and_answers.htm,Questions and Answers
javascript:void(0);,
https://www.tutorialspoint.com/search.htm,
https://www.tutorialspoint.com/tutorialslibrary.htm, Library
https://www.tutorialspoint.com/videotutorials/index.php, Videos
https://www.tutorialspoint.com/questions/index.php, Q/A
https://store.tutorialspoint.com, eBooks
/management_principles/index.htm, Previous Page
/management_principles/management_principles_overview.htm,Next Page  
/management_principles/management_principles_managers_role.htm,Management - Role Of Managers
/management_principles/management_principles_polc_framework.htm,The P-O-L-C Framework
/management_principles/management_principles_classical_schools_thought.htm,Classical Schools Of Thought
/management_principles/management_principles_modern_schools_thought.htm,Modern Schools Of Thought
/management_principles/management_principles_environment.htm,Management - Environment
/management_principles/management_principles_factors_affecting.htm,Management - Factors Affecting
/management_principles/management_principles_organization.htm,Management - Organization
/management_principles/management_principles_leadership_styles.htm,Management - Leadership Styles
/management_principles/management_principles_mission_vision_values.htm,"Mission,Vision and Values"
/management_principles/management_principles_personalty_attitude.htm,Personalty and Attitude
/management_principles/management_principles_work_attitude_behaviour.htm,Work Attitude and Behaviour
/management_principles/management_principles_decision_making_nature_significance.htm,Decision Making Nature Significance
/management_principles/management_principles_factors_affecting_decision_making.htm,Factors Affecting Decision Making
/management_principles/management_principles_decision_making_styles.htm,Decision Making - Styles
/management_principles/management_principles_decision_making_tools.htm,Decision Making - Tools
/management_principles/management_principles_planning_introduction.htm,Planning - Introduction
/management_principles/management_principles_types_plans.htm,Types Of Plans
/management_principles/management_principles_planning_environment.htm,The Planning Environment
/management_principles/management_principles_importance_organizing.htm,Importance Of Organizing
/management_principles/management_principles_organizing.htm,Principles Of Organizing
/management_principles/management_principles_organizational_structure.htm,Organizational Structure
/management_principles/management_principles_organizational_process.htm,Organizational Process
/management_principles/management_principles_organizational_change.htm,Organizational Change
/management_principles/management_principles_organizational_change_factors.htm,Organizational Change Factors
/management_principles/organizational_change_management_principles.htm,Organizational Change Management
/management_principles/management_principles_multinational_organizations.htm,Multinational Organizations
/management_principles/management_principles_global_ecosystem_impact.htm,Global Ecosystem and its Impact
/management_principles/management_principles_quick_guide.htm,Quick Guide
/management_principles/management_principles_useful_resources.htm,Resources
/management_principles/management_principles_discussion.htm,Discussion
/developers_best_practices/index.htm,Developer's Best Practices
/effective_resume_writing.htm,Effective Resume Writing
/hr_interview_questions/index.htm,HR Interview Questions
/computer_glossary.htm,Computer Glossary
/computer_whoiswho.htm,Who is Who
/management_principles/management_principles_pdf_version.htm,PDF Version
javascript:printPage();, Print Page
/index.htm,
/about/index.htm, About us
/about/about_terms_of_use.htm, Terms of use
/about/about_privacy.htm,  Privacy Policy
/about/faq.htm, FAQ's
/about/about_helping.htm, Helping
/about/contact_us.htm, Contact
/marketing_management/index.htm, Previous Page
/marketing_management/marketing_management_overview.htm,Next Page  
/marketing_management/marketing_management_concepts.htm,Marketing Management - Concepts
/marketing_management/marketing_management_process.htm,Marketing Management - Process
/marketing_management/marketing_management_functions.htm,Marketing Management - Functions
/marketing_management/marketing_management_environment.htm,Marketing Mngmt - Environment
/marketing_management/marketing_management_porters_five_forces.htm,Porter’s Five Forces
/marketing_management/marketing_management_planning.htm,Marketing Management - Planning
/marketing_management/marketing_management_research.htm,Marketing Management - Research
/marketing_management/marketing_management_research_process.htm,Research Process
/marketing_management/marketing_management_consumer_behavior.htm,Consumer Behavior
/marketing_management/marketing_management_obb.htm,Marketing Management - OBB
/marketing_management/marketing_management_segmentation.htm,Marketing Mngmt - Segmentation
/marketing_management/marketing_management_demand_forecasting.htm,Demand Forecasting
/marketing_management/marketing_management_product_life_cycle.htm,Product Life Cycle
/marketing_management/marketing_management_branding_of_a_product.htm,Branding of a Product
/marketing_management/marketing_management_brand_equity.htm,Marketing Mngmt - Brand Equity
/marketing_management/marketing_management_pricing_decision.htm,Marketing Mngmt - Pricing Decision
/marketing_management/marketing_management_promotion_decisions.htm,Promotion Decisions
/marketing_management/marketing_management_distribution_channels.htm,Distribution Channels
/marketing_management/marketing_management_physical_distribution.htm,Physical Distribution
/marketing_management/marketing_management_advanced_topics.htm,Marketing Mngmt - Advanced Topics
/marketing_management/marketing_management_quick_guide.htm,Quick Guide
/marketing_management/marketing_management_useful_resources.htm,Resources
/marketing_management/marketing_management_discussion.htm,Discussion
/marketing_management/marketing_management_pdf_version.htm,PDF Version
/human_resource_management/index.htm, Previous Page
/human_resource_management/human_resource_management_introduction.htm,Next Page  
/human_resource_management/human_resource_management_hr_and_business_strategy.htm,HRM – HR & Business Strategy
/human_resource_management/human_resource_management_planning.htm,HRM – Planning
/human_resource_management/human_resource_management_talent.htm,HRM – Talent Management
/human_resource_management/human_resource_management_training_and_development.htm,HRM – Training & Development
/human_resource_management/human_resource_management_performance.htm,HRM – Performance Management
/human_resource_management/human_resource_management_employee_engagement.htm,HRM – Employee Engagement
/human_resource_management/human_resource_management_employee_performance.htm,HRM – Employee Performance
/human_resource_management/human_resource_management_compensation.htm,HRM – Compensation Management
/human_resource_management/human_resource_management_rewards_and_recognition.htm,HRM – Rewards & Recognition
/human_resource_management/human_resource_management_organizational_culture.htm,HRM – Organizational Culture
/human_resource_management/human_resource_management_workplace_diversity.htm,HRM – Workplace Diversity
/human_resource_management/human_resource_management_industrial_relations.htm,HRM – Industrial Relations
/human_resource_management/human_resource_management_dispute_resolution.htm,HRM – Dispute Resolution
/human_resource_management/human_resource_management_ethical_issues.htm,HRM – Ethical Issues
/human_resource_management/human_resource_management_audit_and_evaluation.htm,HRM – Audit & Evaluation
/human_resource_management/human_resource_management_international.htm,HRM – International HRM
/human_resource_management/human_resource_management_ehrm.htm,HRM – eHRM
/human_resource_management/human_resource_management_small_scale_units.htm,HRM – Small Scale Units
/human_resource_management/human_resource_management_quick_guide.htm,Quick Guide
/human_resource_management/human_resource_management_useful_resources.htm,Resources
/human_resource_management/human_resource_management_discussion.htm,Discussion
/human_resource_management/human_resource_management_pdf_version.htm,PDF Version
./,Home
all-subjects.htm,library
management-basics-articles.htm,Management Basics
planning-function-articles.htm,Planning Function
organizing-function-articles.htm,Organizing Function
staffing-function-articles.htm,Staffing Function
directing-function-articles.htm,Directing Function
controlling-function-articles.htm,Controlling Function
motivation-articles.htm,Motivation
leadership-articles.htm,Leadership
communication-basics-articles.htm,Communication - Basics & Strategies
business-communication-articles.htm,Business Communication
managerial-communication-articles.htm,Managerial Communication
public-speaking-articles.htm,Public Speaking
time-management-articles.htm,Time Management
corporate-etiquettes-articles.htm,Corporate Etiquettes
corporate-dressing-articles.htm,Corporate Dressing
personality-development-articles.htm,Personality Development
organization-culture-articles.htm,Organization Culture
organization-management-articles.htm,Organization Management
change-management-articles.htm,Change Management
organizational-diversity-articles.htm,Organizational Diversity
decision-making-articles.htm,Decision Making
interpersonal-relationship-articles.htm,Interpersonal Relationship
team-building-articles.htm,Team Building
values-and-ethics-articles.htm,Values & Ethics
conflict-management-articles.htm,Conflict Management
workplace-politics-articles.htm,Workplace Politics
negotiation-articles.htm,Negotiation
public-relations-articles.htm,Public Relations
risk-management-articles.htm,Risk Management
crisis-management-articles.htm,Crisis Management
workplace-violence-articles.htm,Workplace Violence
virtual-teams-articles.htm,Virtual Teams
public-administration-articles.htm,Public Administration
non-profit-organizations-articles.htm,Non Profit Organizations
political-science-articles.htm,Political Science
group-behavior-articles.htm,Group Behavior
business-agility-articles.htm,Business Agility
psychology-articles.htm,Psychology
marketing-management-articles.htm,Marketing Management
marketing-research-articles.htm,Marketing Research
advertising-management-articles.htm,Advertising Management
mass-communication-articles.htm,Mass Communication
strategic-management-articles.htm,Strategic Management
corporate-governance-articles.htm,Corporate Governance
corporate-social-responsibility-articles.htm,Corporate Social Responsibility
competency-management-articles.htm,Competency Management
brand-management-articles.htm,Brand Management
strategic-brand-management-articles.htm,Strategic Brand Management
brand-leadership-articles.htm,Brand Leadership
market-segmentation-articles.htm,Market Segmentation
product-management-articles.htm,Product Management
consumer-behaviour-articles.htm,Consumer Behaviour
sales-management-articles.htm,Sales Management
retail-management-articles.htm,Retail Management
international-retailing-articles.htm,International Retailing
services-marketing-articles.htm,Services Marketing
e-marketing-articles.htm,E - Marketing
integrated-marketing-communications-articles.htm,Integrated Marketing Communications
customer-relationship-management-articles.htm,Customer Relationship Management
relationship-marketing-articles.htm,Relationship Marketing
business-to-business-marketing-articles.htm,Business to Business Marketing
consultative-selling-articles.htm,Consultative Selling
multi-level-marketing-articles.htm,Multi Level Marketing
social-media-marketing-articles.htm,Social Media Marketing
social-research-methods-articles.htm,Social Research Methods
personnel-management-articles.htm,Personnel Management
human-resource-management-articles.htm,Human Resource Management
human-resource-development-articles.htm,Human Resource Development
compensation-management-articles.htm,Compensation Management
job-analysis-and-design-articles.htm,Job Analysis & Design
performance-management-articles.htm,Performance Management
rewards-management-articles.htm,Rewards Management
competency-based-assessment-articles.htm,Competency Based Assessment
employee-development-articles.htm,Employee Development
training-and-development-articles.htm,Training & Development
participative-management-articles.htm,Participative Management
employee-relationship-management-articles.htm,Employee Relationship Management
career-development-articles.htm,Career Development
talent-management-articles.htm,Talent Management
human-capital-management-articles.htm,Human Capital Management
knowing-your-employees-articles.htm,Knowing Your Employees
relationship-building-articles.htm,Relationship Building
employee-behaviour-articles.htm,Employee Behaviour
workplace-efficiency-articles.htm,Workplace Efficiency
employee-engagement-articles.htm,Employee Engagement
employee-satisfaction-articles.htm,Employee Satisfaction
knowledge-management-articles.htm,Knowledge Management
employee-retention-articles.htm,Employee Retention
entrepreneurship-articles.htm,Entrepreneurship
social-entrepreneurship-articles.htm,Social Entrepreneurship
youth-entrepreneurship-articles.htm,Youth Entrepreneurship
management-consulting-articles.htm,Management Consulting
employer-branding-articles.htm,Employer Branding
supply-chain-management-articles.htm,Supply Chain Management
inventory-management-articles.htm,Inventory Management
enterprise-resource-planning-1-articles.htm,Enterprise Resource Planning - I
enterprise-resource-planning-2-articles.htm,Enterprise Resource Planning - II
business-process-management-articles.htm,Business Process Management
globalization-articles.htm,Globalization
international-business-articles.htm,International Business
business-process-outsourcing-articles.htm,Business Process Outsourcing
disaster-recovery-management-articles.htm,Disaster Recovery Management
business-continuity-management-articles.htm,Business Continuity Management
project-management-articles.htm,Project Management
production-and-operations-management-articles.htm,Production & Operations Management
management-information-system-articles.htm,Management Information System
database-management-system-articles.htm,Database Management System
business-process-improvement-articles.htm,Business Process Improvement
total-quality-management-articles.htm,Total Quality Management
six-sigma-articles.htm,Six Sigma - Introduction
six-sigma-define-phase-articles.htm,Six Sigma - Define Phase
six-sigma-measure-phase-articles.htm,Six Sigma - Measure Phase
six-sigma-analyze-phase-articles.htm,Six Sigma - Analyze Phase
six-sigma-control-phase-articles.htm,Six Sigma - Control Phase
six-sigma-team-articles.htm,Six Sigma - Team
six-sigma-tools-articles.htm,Six Sigma - Tools
import-and-export-management-articles.htm,Import & Export Management
intellectual-property-rights-articles.htm,Intellectual Property Rights
decision-support-systems-articles.htm,Decision Support Systems
human-resource-information-system-articles.htm,Human Resource Information System
financial-management-articles.htm,Financial Management
financial-accounting-articles.htm,Financial Accounting
ratio-analysis-articles.htm,Ratio Analysis
derivatives-articles.htm,Derivatives
forex-markets-articles.htm,Forex Markets
commodities-trading-articles.htm,Commodities Trading
banking-articles.htm,Banking
portfolio-management-articles.htm,Portfolio Management
corporate-finance-articles.htm,Corporate Finance
equity-valuation-articles.htm,Equity Valuation
job-order-costing-articles.htm,Job Order Costing
financial-modelling-articles.htm,Financial Modelling
infrastructure-finance-articles.htm,Infrastructure Finance
bankruptcy-articles.htm,Bankruptcy
managerial-economics-articles.htm,Managerial Economics
gross-domestic-product-articles.htm,Gross Domestic Product
economics-of-human-resources-articles.htm,Economics of Human Resources
econometrics-of-human-resources-articles.htm,Econometrics of Human Resources
unemployment-articles.htm,Unemployment
subprime-mortgage-crisis-articles.htm,Subprime Mortgage Crisis
quantitative-easing-articles.htm,Quantitative Easing
real-estate-articles.htm,Real Estate
https://managementstudyguide.com/portal/courses,Courses
contact-us.htm,About Us
today-on-msg.htm,Latest Articles
https://managementstudyguide.com/portal/user/login,Login
https://managementstudyguide.com/portal/user/register,Download FREE Presentations
index.html,home
what_is_management.htm,Management Basics
planning_function.htm,Management Functions
what_is_motivation.htm,Organizational Behaviour
marketing-for-21st-century.htm,Marketing
personnel-management.htm,People Management
supply-chain-management-definition.htm,Operations
financial-management.htm,Finance
managerial-economics.htm,Economics
https://managementstudyguide.com/downloads/index.html,Powerpoint Presentations
membership-signup.htm,Membership - FAQs
https://plus.google.com/u/0/108066840833446698543/posts,google-plus
https://twitter.com/managementstudy,twitter
https://www.facebook.com/pages/Management-Study-Guide/99806540662,facebook
msg-privacy-policy.htm,Privacy Policy
https://managementstudyguide.com/portal/user/plans-and-pricing,Plans & Pricing
